city,latitude,longitude,date,temperature_max,temperature_min,precipitation
Casablanca,33.5625,-7.625,2026-09-15,28.8,21.7,0.0
Casablanca,33.5625,-7.625,2026-09-16,25.9,21.1,0.0
Casablanca,33.5625,-7.625,2026-09-17,25.8,19.9,0.0
Casablanca,33.5625,-7.625,2026-09-18,26.3,18.6,0.0
Casablanca,33.5625,-7.625,2026-09-19,27.0,19.9,0.0
Casablanca,33.5625,-7.625,2026-09-20,31.8,21.5,0.0
Casablanca,33.5625,-7.625,2026-09-21,30.3,21.6,0.0
Tangier,35.75,-5.8125,2026-09-15,30.8,21.0,0.0
Tangier,35.75,-5.8125,2026-09-16,26.8,18.1,0.0
Tangier,35.75,-5.8125,2026-09-17,26.1,16.6,0.0
Tangier,35.75,-5.8125,2026-09-18,28.4,20.3,0.0
Tangier,35.75,-5.8125,2026-09-19,27.7,22.0,0.0
Tangier,35.75,-5.8125,2026-09-20,25.5,22.6,0.0
Tangier,35.75,-5.8125,2026-09-21,25.6,21.9,0.0
Fès,34.0625,-5.0,2026-09-15,34.6,23.8,0.0
Fès,34.0625,-5.0,2026-09-16,31.2,20.7,0.0
Fès,34.0625,-5.0,2026-09-17,29.5,18.7,0.0
Fès,34.0625,-5.0,2026-09-18,31.2,18.3,0.0
Fès,34.0625,-5.0,2026-09-19,33.7,21.0,0.0
Fès,34.0625,-5.0,2026-09-20,33.9,21.9,0.0
Fès,34.0625,-5.0,2026-09-21,33.8,21.5,0.0
Marrakech,31.625,-8.0,2026-09-15,38.1,25.6,0.0
Marrakech,31.625,-8.0,2026-09-16,34.8,21.7,0.0
Marrakech,31.625,-8.0,2026-09-17,30.5,19.1,0.0
Marrakech,31.625,-8.0,2026-09-18,31.7,19.2,0.0
Marrakech,31.625,-8.0,2026-09-19,36.3,20.8,0.0
Marrakech,31.625,-8.0,2026-09-20,39.0,23.7,0.0
Marrakech,31.625,-8.0,2026-09-21,34.5,23.6,0.0
Sale,34.0,-6.8125,2026-09-15,28.1,21.6,0.0
Sale,34.0,-6.8125,2026-09-16,26.2,20.8,0.0
Sale,34.0,-6.8125,2026-09-17,26.3,19.6,0.0
Sale,34.0,-6.8125,2026-09-18,26.9,16.3,0.0
Sale,34.0,-6.8125,2026-09-19,29.4,17.3,0.0
Sale,34.0,-6.8125,2026-09-20,33.5,19.4,0.0
Sale,34.0,-6.8125,2026-09-21,28.4,20.3,0.0
Meknès,33.875,-5.5625,2026-09-15,33.4,21.8,0.0
Meknès,33.875,-5.5625,2026-09-16,30.1,18.8,0.0
Meknès,33.875,-5.5625,2026-09-17,27.8,17.5,0.0
Meknès,33.875,-5.5625,2026-09-18,29.7,16.3,0.0
Meknès,33.875,-5.5625,2026-09-19,33.5,18.6,0.0
Meknès,33.875,-5.5625,2026-09-20,34.9,21.1,0.0
Meknès,33.875,-5.5625,2026-09-21,34.2,20.3,0.0
Rabat,34.0,-6.8125,2026-09-15,28.2,21.6,0.0
Rabat,34.0,-6.8125,2026-09-16,26.2,20.9,0.0
Rabat,34.0,-6.8125,2026-09-17,26.3,19.6,0.0
Rabat,34.0,-6.8125,2026-09-18,27.0,16.4,0.0
Rabat,34.0,-6.8125,2026-09-19,29.5,17.4,0.0
Rabat,34.0,-6.8125,2026-09-20,33.6,19.5,0.0
Rabat,34.0,-6.8125,2026-09-21,28.4,20.3,0.0
Agadir,30.4375,-9.5625,2026-09-15,34.4,26.1,0.0
Agadir,30.4375,-9.5625,2026-09-16,38.1,24.5,0.0
Agadir,30.4375,-9.5625,2026-09-17,28.3,20.9,0.0
Agadir,30.4375,-9.5625,2026-09-18,27.1,20.2,0.0
Agadir,30.4375,-9.5625,2026-09-19,27.7,21.4,0.0
Agadir,30.4375,-9.5625,2026-09-20,28.5,21.0,0.0
Agadir,30.4375,-9.5625,2026-09-21,33.3,21.3,0.0
Kenitra,34.25,-6.5625,2026-09-15,29.1,21.2,0.0
Kenitra,34.25,-6.5625,2026-09-16,26.9,20.8,0.0
Kenitra,34.25,-6.5625,2026-09-17,26.9,18.8,0.0
Kenitra,34.25,-6.5625,2026-09-18,28.1,16.9,0.0
Kenitra,34.25,-6.5625,2026-09-19,32.6,17.1,0.0
Kenitra,34.25,-6.5625,2026-09-20,36.7,22.4,0.0
Kenitra,34.25,-6.5625,2026-09-21,33.1,21.8,0.0
Oujda-Angad,34.6875,-1.9375,2026-09-15,31.2,16.2,0.0
Oujda-Angad,34.6875,-1.9375,2026-09-16,32.3,15.5,0.0
Oujda-Angad,34.6875,-1.9375,2026-09-17,27.6,16.1,0.2
Oujda-Angad,34.6875,-1.9375,2026-09-18,27.0,18.0,0.0
Oujda-Angad,34.6875,-1.9375,2026-09-19,27.9,18.2,0.0
Oujda-Angad,34.6875,-1.9375,2026-09-20,28.1,17.4,0.0
Oujda-Angad,34.6875,-1.9375,2026-09-21,27.8,18.4,0.3
Tétouan,35.5625,-5.375,2026-09-15,29.2,21.2,0.0
Tétouan,35.5625,-5.375,2026-09-16,33.6,19.4,0.0
Tétouan,35.5625,-5.375,2026-09-17,27.5,14.8,0.0
Tétouan,35.5625,-5.375,2026-09-18,26.6,20.2,0.0
Tétouan,35.5625,-5.375,2026-09-19,26.5,21.9,0.0
Tétouan,35.5625,-5.375,2026-09-20,25.3,22.4,0.0
Tétouan,35.5625,-5.375,2026-09-21,25.4,21.8,0.0
Safi,32.3125,-9.25,2026-09-15,34.1,22.8,0.0
Safi,32.3125,-9.25,2026-09-16,27.5,20.8,0.0
Safi,32.3125,-9.25,2026-09-17,25.3,19.2,0.0
Safi,32.3125,-9.25,2026-09-18,26.4,19.5,0.0
Safi,32.3125,-9.25,2026-09-19,28.2,18.8,0.0
Safi,32.3125,-9.25,2026-09-20,30.9,21.4,0.0
Safi,32.3125,-9.25,2026-09-21,26.1,19.4,0.0
Taourirt,34.4375,-2.875,2026-09-15,32.7,19.0,0.0
Taourirt,34.4375,-2.875,2026-09-16,34.5,18.7,0.0
Taourirt,34.4375,-2.875,2026-09-17,29.6,19.2,0.0
Taourirt,34.4375,-2.875,2026-09-18,29.3,19.7,0.0
Taourirt,34.4375,-2.875,2026-09-19,29.6,19.1,0.0
Taourirt,34.4375,-2.875,2026-09-20,30.1,19.9,0.0
Taourirt,34.4375,-2.875,2026-09-21,30.2,19.6,0.0
Temara,33.9375,-6.875,2026-09-15,28.2,21.4,0.0
Temara,33.9375,-6.875,2026-09-16,26.0,20.2,0.0
Temara,33.9375,-6.875,2026-09-17,26.0,19.2,0.0
Temara,33.9375,-6.875,2026-09-18,26.7,15.7,0.0
Temara,33.9375,-6.875,2026-09-19,29.4,16.6,0.0
Temara,33.9375,-6.875,2026-09-20,31.2,19.6,0.0
Temara,33.9375,-6.875,2026-09-21,26.2,20.7,0.0
Laâyoune,27.170473,-13.229401,2026-09-15,40.1,25.2,0.0
Laâyoune,27.170473,-13.229401,2026-09-16,36.4,22.1,0.0
Laâyoune,27.170473,-13.229401,2026-09-17,28.6,21.5,0.0
Laâyoune,27.170473,-13.229401,2026-09-18,28.0,19.9,0.0
Laâyoune,27.170473,-13.229401,2026-09-19,28.7,19.8,0.0
Laâyoune,27.170473,-13.229401,2026-09-20,33.4,18.7,0.0
Laâyoune,27.170473,-13.229401,2026-09-21,35.3,21.0,0.0
El Jadid,33.25,-8.4375,2026-09-15,26.8,21.5,0.0
El Jadid,33.25,-8.4375,2026-09-16,24.9,21.1,0.0
El Jadid,33.25,-8.4375,2026-09-17,25.4,20.0,0.0
El Jadid,33.25,-8.4375,2026-09-18,25.3,20.3,0.0
El Jadid,33.25,-8.4375,2026-09-19,25.5,20.4,0.0
El Jadid,33.25,-8.4375,2026-09-20,28.6,21.2,0.0
El Jadid,33.25,-8.4375,2026-09-21,27.5,20.3,0.0
Ait Melloul,30.3125,-9.5,2026-09-15,35.0,25.1,0.0
Ait Melloul,30.3125,-9.5,2026-09-16,30.1,21.7,0.0
Ait Melloul,30.3125,-9.5,2026-09-17,27.3,21.5,0.0
Ait Melloul,30.3125,-9.5,2026-09-18,27.1,20.4,0.0
Ait Melloul,30.3125,-9.5,2026-09-19,26.8,20.5,0.0
Ait Melloul,30.3125,-9.5,2026-09-20,28.7,21.2,0.0
Ait Melloul,30.3125,-9.5,2026-09-21,33.5,21.6,0.0
Béni Mellal,32.3125,-6.375,2026-09-15,36.6,25.7,0.1
Béni Mellal,32.3125,-6.375,2026-09-16,32.9,22.1,0.0
Béni Mellal,32.3125,-6.375,2026-09-17,29.9,18.7,0.0
Béni Mellal,32.3125,-6.375,2026-09-18,31.3,19.3,0.0
Béni Mellal,32.3125,-6.375,2026-09-19,35.3,21.9,0.0
Béni Mellal,32.3125,-6.375,2026-09-20,38.1,26.2,0.3
Béni Mellal,32.3125,-6.375,2026-09-21,36.8,27.8,0.9
Bouskoura,33.4375,-7.625,2026-09-15,32.6,21.0,0.0
Bouskoura,33.4375,-7.625,2026-09-16,27.1,19.8,0.0
Bouskoura,33.4375,-7.625,2026-09-17,26.9,19.1,0.0
Bouskoura,33.4375,-7.625,2026-09-18,28.1,17.5,0.0
Bouskoura,33.4375,-7.625,2026-09-19,30.5,18.6,0.0
Bouskoura,33.4375,-7.625,2026-09-20,31.0,21.1,0.0
Bouskoura,33.4375,-7.625,2026-09-21,29.5,20.8,0.0
Tiznit,29.6875,-9.75,2026-09-15,36.7,26.7,0.0
Tiznit,29.6875,-9.75,2026-09-16,32.5,21.5,0.0
Tiznit,29.6875,-9.75,2026-09-17,23.7,19.6,0.0
Tiznit,29.6875,-9.75,2026-09-18,26.5,19.6,0.0
Tiznit,29.6875,-9.75,2026-09-19,27.5,20.2,0.0
Tiznit,29.6875,-9.75,2026-09-20,25.8,20.2,0.0
Tiznit,29.6875,-9.75,2026-09-21,27.6,19.8,0.0
Mohammedia,33.6875,-7.375,2026-09-15,27.6,21.2,0.0
Mohammedia,33.6875,-7.375,2026-09-16,25.7,20.8,0.0
Mohammedia,33.6875,-7.375,2026-09-17,25.4,20.0,0.0
Mohammedia,33.6875,-7.375,2026-09-18,25.8,17.5,0.0
Mohammedia,33.6875,-7.375,2026-09-19,26.7,18.2,0.0
Mohammedia,33.6875,-7.375,2026-09-20,33.9,20.3,0.0
Mohammedia,33.6875,-7.375,2026-09-21,32.5,20.3,0.0
Kouribga,32.875,-6.875,2026-09-15,34.6,22.3,0.0
Kouribga,32.875,-6.875,2026-09-16,31.0,17.0,0.0
Kouribga,32.875,-6.875,2026-09-17,28.6,13.9,0.0
Kouribga,32.875,-6.875,2026-09-18,29.5,15.5,0.0
Kouribga,32.875,-6.875,2026-09-19,33.9,17.2,0.0
Kouribga,32.875,-6.875,2026-09-20,35.9,22.5,0.0
Kouribga,32.875,-6.875,2026-09-21,34.6,21.3,0.0
Settat,33.0,-7.625,2026-09-15,36.1,22.9,0.0
Settat,33.0,-7.625,2026-09-16,29.7,18.9,0.0
Settat,33.0,-7.625,2026-09-17,28.1,17.2,0.0
Settat,33.0,-7.625,2026-09-18,30.0,16.3,0.0
Settat,33.0,-7.625,2026-09-19,34.5,16.6,0.0
Settat,33.0,-7.625,2026-09-20,37.8,22.1,0.0
Settat,33.0,-7.625,2026-09-21,34.6,21.0,0.0
Barrechid,33.25,-7.5625,2026-09-15,35.7,21.4,0.0
Barrechid,33.25,-7.5625,2026-09-16,29.1,19.2,0.0
Barrechid,33.25,-7.5625,2026-09-17,28.1,18.4,0.0
Barrechid,33.25,-7.5625,2026-09-18,29.6,16.3,0.0
Barrechid,33.25,-7.5625,2026-09-19,33.5,16.6,0.0
Barrechid,33.25,-7.5625,2026-09-20,36.4,21.0,0.0
Barrechid,33.25,-7.5625,2026-09-21,33.3,19.9,0.0
Ad Dakhla,23.725834,-15.966187,2026-09-15,24.3,22.4,0.0
Ad Dakhla,23.725834,-15.966187,2026-09-16,23.7,21.9,0.0
Ad Dakhla,23.725834,-15.966187,2026-09-17,21.9,20.0,0.0
Ad Dakhla,23.725834,-15.966187,2026-09-18,21.0,20.1,0.0
Ad Dakhla,23.725834,-15.966187,2026-09-19,20.8,19.9,0.0
Ad Dakhla,23.725834,-15.966187,2026-09-20,21.3,19.5,0.0
Ad Dakhla,23.725834,-15.966187,2026-09-21,21.6,19.1,0.0
Nador,35.1875,-2.9375,2026-09-15,26.7,21.7,0.0
Nador,35.1875,-2.9375,2026-09-16,29.8,21.7,0.0
Nador,35.1875,-2.9375,2026-09-17,26.0,21.4,0.2
Nador,35.1875,-2.9375,2026-09-18,25.1,22.2,0.6
Nador,35.1875,-2.9375,2026-09-19,25.1,22.4,0.6
Nador,35.1875,-2.9375,2026-09-20,26.2,22.5,0.15
Nador,35.1875,-2.9375,2026-09-21,26.1,22.6,0.0
Taza,34.25,-4.0,2026-09-15,34.1,19.5,0.0
Taza,34.25,-4.0,2026-09-16,30.8,20.6,0.0
Taza,34.25,-4.0,2026-09-17,30.3,17.6,0.0
Taza,34.25,-4.0,2026-09-18,28.8,18.6,0.0
Taza,34.25,-4.0,2026-09-19,29.2,18.7,0.0
Taza,34.25,-4.0,2026-09-20,29.1,19.8,0.0
Taza,34.25,-4.0,2026-09-21,28.8,20.0,0.0
Inezgane,30.375,-9.5625,2026-09-15,32.6,23.9,0.0
Inezgane,30.375,-9.5625,2026-09-16,32.7,21.6,0.0
Inezgane,30.375,-9.5625,2026-09-17,26.4,21.0,0.0
Inezgane,30.375,-9.5625,2026-09-18,25.7,20.0,0.0
Inezgane,30.375,-9.5625,2026-09-19,25.7,20.3,0.0
Inezgane,30.375,-9.5625,2026-09-20,28.8,21.3,0.0
Inezgane,30.375,-9.5625,2026-09-21,33.6,21.6,0.0
Larache,35.1875,-6.125,2026-09-15,30.2,19.4,0.0
Larache,35.1875,-6.125,2026-09-16,27.4,18.5,0.0
Larache,35.1875,-6.125,2026-09-17,26.5,18.4,0.0
Larache,35.1875,-6.125,2026-09-18,26.2,16.9,0.0
Larache,35.1875,-6.125,2026-09-19,35.3,16.8,0.0
Larache,35.1875,-6.125,2026-09-20,36.8,21.4,0.0
Larache,35.1875,-6.125,2026-09-21,34.2,19.3,0.0
Al Khmissat,33.8125,-6.0625,2026-09-15,34.6,20.4,0.0
Al Khmissat,33.8125,-6.0625,2026-09-16,30.8,18.1,0.0
Al Khmissat,33.8125,-6.0625,2026-09-17,29.0,16.1,0.0
Al Khmissat,33.8125,-6.0625,2026-09-18,30.4,15.2,0.0
Al Khmissat,33.8125,-6.0625,2026-09-19,34.6,17.7,0.0
Al Khmissat,33.8125,-6.0625,2026-09-20,37.2,21.5,0.0
Al Khmissat,33.8125,-6.0625,2026-09-21,35.4,20.0,0.0
Guelmim,28.998241,-10.114685,2026-09-15,38.5,25.3,0.0
Guelmim,28.998241,-10.114685,2026-09-16,36.6,20.3,0.0
Guelmim,28.998241,-10.114685,2026-09-17,24.8,18.5,0.0
Guelmim,28.998241,-10.114685,2026-09-18,26.3,18.3,0.0
Guelmim,28.998241,-10.114685,2026-09-19,28.0,18.4,0.0
Guelmim,28.998241,-10.114685,2026-09-20,34.9,15.8,0.0
Guelmim,28.998241,-10.114685,2026-09-21,37.7,22.9,0.0
Ksar El Kebir,35.0,-5.875,2026-09-15,35.7,20.9,0.0
Ksar El Kebir,35.0,-5.875,2026-09-16,30.3,20.0,0.0
Ksar El Kebir,35.0,-5.875,2026-09-17,30.0,19.3,0.0
Ksar El Kebir,35.0,-5.875,2026-09-18,31.0,17.2,0.0
Ksar El Kebir,35.0,-5.875,2026-09-19,36.3,18.6,0.0
Ksar El Kebir,35.0,-5.875,2026-09-20,37.9,21.2,0.0
Ksar El Kebir,35.0,-5.875,2026-09-21,36.3,21.3,0.0
Khénifra,32.9375,-5.6875,2026-09-15,35.2,20.1,0.0
Khénifra,32.9375,-5.6875,2026-09-16,31.4,16.3,0.0
Khénifra,32.9375,-5.6875,2026-09-17,31.2,15.8,0.0
Khénifra,32.9375,-5.6875,2026-09-18,31.2,15.2,0.0
Khénifra,32.9375,-5.6875,2026-09-19,34.0,17.9,0.0
Khénifra,32.9375,-5.6875,2026-09-20,35.9,20.8,0.0
Khénifra,32.9375,-5.6875,2026-09-21,35.0,21.4,0.0
Skhirate,33.875,-7.0,2026-09-15,26.7,21.2,0.0
Skhirate,33.875,-7.0,2026-09-16,25.1,20.5,0.0
Skhirate,33.875,-7.0,2026-09-17,24.9,19.4,0.0
Skhirate,33.875,-7.0,2026-09-18,25.2,16.8,0.0
Skhirate,33.875,-7.0,2026-09-19,27.1,17.2,0.0
Skhirate,33.875,-7.0,2026-09-20,31.3,19.7,0.0
Skhirate,33.875,-7.0,2026-09-21,26.3,20.8,0.0
Beni Yakhlef,33.625,-7.3125,2026-09-15,30.6,20.2,0.0
Beni Yakhlef,33.625,-7.3125,2026-09-16,27.0,19.5,0.0
Beni Yakhlef,33.625,-7.3125,2026-09-17,26.7,19.0,0.0
Beni Yakhlef,33.625,-7.3125,2026-09-18,27.7,16.0,0.0
Beni Yakhlef,33.625,-7.3125,2026-09-19,29.6,16.7,0.0
Beni Yakhlef,33.625,-7.3125,2026-09-20,33.4,20.2,0.0
Beni Yakhlef,33.625,-7.3125,2026-09-21,31.9,19.8,0.0
Sidi Yahya Zaer,33.6875,-6.875,2026-09-15,32.6,20.7,0.0
Sidi Yahya Zaer,33.6875,-6.875,2026-09-16,27.9,18.5,0.0
Sidi Yahya Zaer,33.6875,-6.875,2026-09-17,27.3,16.1,0.0
Sidi Yahya Zaer,33.6875,-6.875,2026-09-18,28.8,14.6,0.0
Sidi Yahya Zaer,33.6875,-6.875,2026-09-19,32.9,16.5,0.0
Sidi Yahya Zaer,33.6875,-6.875,2026-09-20,36.6,20.1,0.0
Sidi Yahya Zaer,33.6875,-6.875,2026-09-21,32.3,18.5,0.0
Ben Guerir,32.25,-7.9375,2026-09-15,37.2,24.5,0.0
Ben Guerir,32.25,-7.9375,2026-09-16,32.4,18.7,0.0
Ben Guerir,32.25,-7.9375,2026-09-17,29.1,16.7,0.0
Ben Guerir,32.25,-7.9375,2026-09-18,30.9,16.7,0.0
Ben Guerir,32.25,-7.9375,2026-09-19,35.0,18.0,0.0
Ben Guerir,32.25,-7.9375,2026-09-20,38.6,24.8,0.0
Ben Guerir,32.25,-7.9375,2026-09-21,34.3,23.5,0.0
Ait Ali,30.1875,-9.5,2026-09-15,36.5,25.5,0.0
Ait Ali,30.1875,-9.5,2026-09-16,31.6,22.1,0.0
Ait Ali,30.1875,-9.5,2026-09-17,27.4,20.9,0.0
Ait Ali,30.1875,-9.5,2026-09-18,27.3,20.0,0.0
Ait Ali,30.1875,-9.5,2026-09-19,27.0,20.3,0.0
Ait Ali,30.1875,-9.5,2026-09-20,27.3,20.8,0.0
Ait Ali,30.1875,-9.5,2026-09-21,29.7,20.8,0.0
My Drarga,30.375,-9.5,2026-09-15,35.1,25.4,0.0
My Drarga,30.375,-9.5,2026-09-16,32.1,22.6,0.0
My Drarga,30.375,-9.5,2026-09-17,27.3,20.9,0.0
My Drarga,30.375,-9.5,2026-09-18,27.2,20.0,0.0
My Drarga,30.375,-9.5,2026-09-19,27.4,20.6,0.0
My Drarga,30.375,-9.5,2026-09-20,28.6,21.1,0.0
My Drarga,30.375,-9.5,2026-09-21,33.4,21.5,0.0
Lqoliaa,30.3125,-9.4375,2026-09-15,36.5,25.2,0.0
Lqoliaa,30.3125,-9.4375,2026-09-16,31.6,21.7,0.0
Lqoliaa,30.3125,-9.4375,2026-09-17,28.1,21.2,0.0
Lqoliaa,30.3125,-9.4375,2026-09-18,28.0,20.1,0.0
Lqoliaa,30.3125,-9.4375,2026-09-19,27.8,20.2,0.0
Lqoliaa,30.3125,-9.4375,2026-09-20,26.7,20.5,0.0
Lqoliaa,30.3125,-9.4375,2026-09-21,29.0,20.2,0.0
El Kelaa des Srarhna,32.0625,-7.375,2026-09-15,38.2,25.6,0.1
El Kelaa des Srarhna,32.0625,-7.375,2026-09-16,34.2,20.8,0.0
El Kelaa des Srarhna,32.0625,-7.375,2026-09-17,30.2,17.1,0.0
El Kelaa des Srarhna,32.0625,-7.375,2026-09-18,31.6,18.2,0.0
El Kelaa des Srarhna,32.0625,-7.375,2026-09-19,36.2,19.6,0.0
El Kelaa des Srarhna,32.0625,-7.375,2026-09-20,37.8,23.5,0.6
El Kelaa des Srarhna,32.0625,-7.375,2026-09-21,35.6,21.9,0.6
Moulay Abdallah,33.1875,-8.5625,2026-09-15,28.9,21.7,0.0
Moulay Abdallah,33.1875,-8.5625,2026-09-16,25.9,21.2,0.0
Moulay Abdallah,33.1875,-8.5625,2026-09-17,26.5,19.6,0.0
Moulay Abdallah,33.1875,-8.5625,2026-09-18,26.5,20.3,0.0
Moulay Abdallah,33.1875,-8.5625,2026-09-19,27.3,20.5,0.0
Moulay Abdallah,33.1875,-8.5625,2026-09-20,30.2,21.1,0.0
Moulay Abdallah,33.1875,-8.5625,2026-09-21,26.7,20.2,0.0
Tiflet,33.875,-6.3125,2026-09-15,33.6,22.1,0.0
Tiflet,33.875,-6.3125,2026-09-16,29.3,18.7,0.0
Tiflet,33.875,-6.3125,2026-09-17,28.4,16.1,0.0
Tiflet,33.875,-6.3125,2026-09-18,30.3,15.8,0.0
Tiflet,33.875,-6.3125,2026-09-19,34.6,18.1,0.0
Tiflet,33.875,-6.3125,2026-09-20,37.5,21.6,0.0
Tiflet,33.875,-6.3125,2026-09-21,35.9,20.5,0.0
Oulad Teïma,30.375,-9.1875,2026-09-15,39.6,25.8,0.0
Oulad Teïma,30.375,-9.1875,2026-09-16,35.3,22.1,0.0
Oulad Teïma,30.375,-9.1875,2026-09-17,29.8,20.2,0.0
Oulad Teïma,30.375,-9.1875,2026-09-18,29.9,19.3,0.0
Oulad Teïma,30.375,-9.1875,2026-09-19,31.4,20.0,0.0
Oulad Teïma,30.375,-9.1875,2026-09-20,28.1,20.4,0.0
Oulad Teïma,30.375,-9.1875,2026-09-21,32.7,19.7,0.0
Berkane,34.9375,-2.3125,2026-09-15,27.3,17.8,0.0
Berkane,34.9375,-2.3125,2026-09-16,31.6,17.3,0.0
Berkane,34.9375,-2.3125,2026-09-17,26.0,18.5,0.0
Berkane,34.9375,-2.3125,2026-09-18,26.2,19.4,0.0
Berkane,34.9375,-2.3125,2026-09-19,26.5,18.6,0.0
Berkane,34.9375,-2.3125,2026-09-20,26.2,19.5,0.0
Berkane,34.9375,-2.3125,2026-09-21,26.4,18.8,0.0
Ain El Aouda,33.8125,-6.8125,2026-09-15,31.7,20.0,0.0
Ain El Aouda,33.8125,-6.8125,2026-09-16,27.4,18.6,0.0
Ain El Aouda,33.8125,-6.8125,2026-09-17,27.4,16.7,0.0
Ain El Aouda,33.8125,-6.8125,2026-09-18,28.8,14.6,0.0
Ain El Aouda,33.8125,-6.8125,2026-09-19,32.6,15.3,0.0
Ain El Aouda,33.8125,-6.8125,2026-09-20,38.3,19.4,0.0
Ain El Aouda,33.8125,-6.8125,2026-09-21,33.3,19.5,0.0
Errachidia,31.9375,-4.4375,2026-09-15,34.7,24.0,0.3
Errachidia,31.9375,-4.4375,2026-09-16,32.9,21.1,0.0
Errachidia,31.9375,-4.4375,2026-09-17,31.3,21.6,0.6
Errachidia,31.9375,-4.4375,2026-09-18,31.8,20.8,0.0
Errachidia,31.9375,-4.4375,2026-09-19,31.5,22.4,0.0
Errachidia,31.9375,-4.4375,2026-09-20,33.1,22.1,0.3
Errachidia,31.9375,-4.4375,2026-09-21,30.6,20.7,0.9
Al Fqih Ben Çalah,32.5,-6.6875,2026-09-15,39.3,22.6,0.0
Al Fqih Ben Çalah,32.5,-6.6875,2026-09-16,35.4,19.3,0.0
Al Fqih Ben Çalah,32.5,-6.6875,2026-09-17,32.4,16.4,0.0
Al Fqih Ben Çalah,32.5,-6.6875,2026-09-18,33.7,17.0,0.0
Al Fqih Ben Çalah,32.5,-6.6875,2026-09-19,37.7,19.9,0.0
Al Fqih Ben Çalah,32.5,-6.6875,2026-09-20,40.1,24.2,0.3
Al Fqih Ben Çalah,32.5,-6.6875,2026-09-21,38.2,22.0,1.2
Ad Darwa,33.4375,-7.5625,2026-09-15,33.2,21.0,0.0
Ad Darwa,33.4375,-7.5625,2026-09-16,27.8,19.5,0.0
Ad Darwa,33.4375,-7.5625,2026-09-17,27.4,18.8,0.0
Ad Darwa,33.4375,-7.5625,2026-09-18,28.6,17.0,0.0
Ad Darwa,33.4375,-7.5625,2026-09-19,31.0,18.0,0.0
Ad Darwa,33.4375,-7.5625,2026-09-20,36.3,21.3,0.0
Ad Darwa,33.4375,-7.5625,2026-09-21,33.7,20.5,0.0
Martil,35.625,-5.3125,2026-09-15,26.7,21.7,0.0
Martil,35.625,-5.3125,2026-09-16,32.9,20.7,0.0
Martil,35.625,-5.3125,2026-09-17,25.5,17.0,0.0
Martil,35.625,-5.3125,2026-09-18,25.0,20.7,0.0
Martil,35.625,-5.3125,2026-09-19,24.8,22.1,1.2
Martil,35.625,-5.3125,2026-09-20,24.5,22.6,0.15
Martil,35.625,-5.3125,2026-09-21,24.7,22.3,0.0
Sidi Slimane,34.25,-5.9375,2026-09-15,34.8,21.0,0.0
Sidi Slimane,34.25,-5.9375,2026-09-16,31.1,20.3,0.0
Sidi Slimane,34.25,-5.9375,2026-09-17,30.1,18.9,0.0
Sidi Slimane,34.25,-5.9375,2026-09-18,32.4,15.8,0.0
Sidi Slimane,34.25,-5.9375,2026-09-19,37.0,18.7,0.0
Sidi Slimane,34.25,-5.9375,2026-09-20,37.9,23.3,0.0
Sidi Slimane,34.25,-5.9375,2026-09-21,36.9,23.3,0.0
Oued Zem,32.875,-6.5625,2026-09-15,35.4,22.5,0.0
Oued Zem,32.875,-6.5625,2026-09-16,31.7,18.1,0.0
Oued Zem,32.875,-6.5625,2026-09-17,30.4,15.7,0.0
Oued Zem,32.875,-6.5625,2026-09-18,30.3,16.3,0.0
Oued Zem,32.875,-6.5625,2026-09-19,34.5,17.8,0.0
Oued Zem,32.875,-6.5625,2026-09-20,36.2,23.6,0.0
Oued Zem,32.875,-6.5625,2026-09-21,35.1,22.2,0.0
Sefrou,33.8125,-4.8125,2026-09-15,32.6,23.2,0.0
Sefrou,33.8125,-4.8125,2026-09-16,29.1,19.1,0.0
Sefrou,33.8125,-4.8125,2026-09-17,26.5,17.5,0.0
Sefrou,33.8125,-4.8125,2026-09-18,27.6,17.2,0.0
Sefrou,33.8125,-4.8125,2026-09-19,30.5,19.5,0.0
Sefrou,33.8125,-4.8125,2026-09-20,31.5,19.0,0.0
Sefrou,33.8125,-4.8125,2026-09-21,31.2,16.5,0.0
Taroudannt,30.5,-8.875,2026-09-15,40.9,27.4,0.0
Taroudannt,30.5,-8.875,2026-09-16,37.0,23.8,0.0
Taroudannt,30.5,-8.875,2026-09-17,30.6,19.4,0.0
Taroudannt,30.5,-8.875,2026-09-18,31.5,18.9,0.0
Taroudannt,30.5,-8.875,2026-09-19,35.2,21.8,0.0
Taroudannt,30.5,-8.875,2026-09-20,31.3,22.9,0.0
Taroudannt,30.5,-8.875,2026-09-21,36.7,20.7,0.0
Essaouira,31.5,-9.75,2026-09-15,27.6,22.7,0.0
Essaouira,31.5,-9.75,2026-09-16,25.3,20.1,0.0
Essaouira,31.5,-9.75,2026-09-17,24.3,19.2,0.0
Essaouira,31.5,-9.75,2026-09-18,24.7,19.1,0.0
Essaouira,31.5,-9.75,2026-09-19,25.0,18.8,0.0
Essaouira,31.5,-9.75,2026-09-20,27.2,19.8,0.0
Essaouira,31.5,-9.75,2026-09-21,27.4,19.0,0.0
Azrou,33.4375,-5.25,2026-09-15,29.7,16.8,0.0
Azrou,33.4375,-5.25,2026-09-16,26.1,14.3,0.0
Azrou,33.4375,-5.25,2026-09-17,25.9,15.1,0.0
Azrou,33.4375,-5.25,2026-09-18,25.4,14.2,0.0
Azrou,33.4375,-5.25,2026-09-19,28.4,16.7,0.0
Azrou,33.4375,-5.25,2026-09-20,29.5,19.7,0.0
Azrou,33.4375,-5.25,2026-09-21,29.0,19.6,0.0
Guercif,34.25,-3.375,2026-09-15,33.4,18.9,0.0
Guercif,34.25,-3.375,2026-09-16,34.5,19.1,0.0
Guercif,34.25,-3.375,2026-09-17,30.5,20.1,0.0
Guercif,34.25,-3.375,2026-09-18,29.9,20.0,0.0
Guercif,34.25,-3.375,2026-09-19,30.2,20.0,0.0
Guercif,34.25,-3.375,2026-09-20,29.4,20.7,0.0
Guercif,34.25,-3.375,2026-09-21,29.5,20.6,0.0
Warzat,30.9375,-6.9375,2026-09-15,31.6,21.9,0.0
Warzat,30.9375,-6.9375,2026-09-16,33.2,18.3,0.0
Warzat,30.9375,-6.9375,2026-09-17,32.1,19.2,0.6
Warzat,30.9375,-6.9375,2026-09-18,31.8,18.6,0.0
Warzat,30.9375,-6.9375,2026-09-19,32.4,20.5,0.0
Warzat,30.9375,-6.9375,2026-09-20,33.8,22.9,0.0
Warzat,30.9375,-6.9375,2026-09-21,31.4,20.5,0.6
Fnidq,35.8125,-5.375,2026-09-15,27.5,21.3,0.0
Fnidq,35.8125,-5.375,2026-09-16,30.1,20.4,0.0
Fnidq,35.8125,-5.375,2026-09-17,26.6,18.0,0.0
Fnidq,35.8125,-5.375,2026-09-18,24.7,21.1,0.0
Fnidq,35.8125,-5.375,2026-09-19,24.7,22.0,1.2
Fnidq,35.8125,-5.375,2026-09-20,24.4,22.5,0.6
Fnidq,35.8125,-5.375,2026-09-21,24.6,22.3,0.0
Tan-Tan,28.435852,-11.147736,2026-09-15,37.0,23.4,0.0
Tan-Tan,28.435852,-11.147736,2026-09-16,31.1,20.7,0.0
Tan-Tan,28.435852,-11.147736,2026-09-17,25.6,19.9,0.0
Tan-Tan,28.435852,-11.147736,2026-09-18,25.7,19.7,0.1
Tan-Tan,28.435852,-11.147736,2026-09-19,25.9,18.9,0.0
Tan-Tan,28.435852,-11.147736,2026-09-20,29.9,19.0,0.0
Tan-Tan,28.435852,-11.147736,2026-09-21,33.4,17.8,0.0
Sidi Qacem,34.1875,-5.6875,2026-09-15,34.7,21.8,0.0
Sidi Qacem,34.1875,-5.6875,2026-09-16,31.5,20.6,0.0
Sidi Qacem,34.1875,-5.6875,2026-09-17,30.1,18.5,0.0
Sidi Qacem,34.1875,-5.6875,2026-09-18,32.3,17.2,0.0
Sidi Qacem,34.1875,-5.6875,2026-09-19,36.2,19.9,0.0
Sidi Qacem,34.1875,-5.6875,2026-09-20,37.0,24.5,0.0
Sidi Qacem,34.1875,-5.6875,2026-09-21,36.3,24.1,0.0
M’diq,35.625,-5.3125,2026-09-15,26.6,21.5,0.0
M’diq,35.625,-5.3125,2026-09-16,32.7,20.6,0.0
M’diq,35.625,-5.3125,2026-09-17,25.3,16.9,0.0
M’diq,35.625,-5.3125,2026-09-18,24.8,20.5,0.0
M’diq,35.625,-5.3125,2026-09-19,24.6,21.9,1.2
M’diq,35.625,-5.3125,2026-09-20,25.6,22.4,0.15
M’diq,35.625,-5.3125,2026-09-21,25.7,22.1,0.0
Youssoufia,32.25,-8.5,2026-09-15,37.4,23.8,0.0
Youssoufia,32.25,-8.5,2026-09-16,31.5,19.2,0.0
Youssoufia,32.25,-8.5,2026-09-17,28.7,17.1,0.0
Youssoufia,32.25,-8.5,2026-09-18,30.9,16.9,0.0
Youssoufia,32.25,-8.5,2026-09-19,34.4,16.6,0.0
Youssoufia,32.25,-8.5,2026-09-20,39.0,22.9,0.0
Youssoufia,32.25,-8.5,2026-09-21,32.6,21.6,0.0
Midalt,32.6875,-4.75,2026-09-15,29.9,18.2,0.0
Midalt,32.6875,-4.75,2026-09-16,27.1,17.3,0.0
Midalt,32.6875,-4.75,2026-09-17,26.9,14.4,1.3
Midalt,32.6875,-4.75,2026-09-18,26.6,13.6,0.0
Midalt,32.6875,-4.75,2026-09-19,25.8,14.3,0.0
Midalt,32.6875,-4.75,2026-09-20,29.0,15.5,0.6
Midalt,32.6875,-4.75,2026-09-21,29.5,16.9,0.0
Aïn Harrouda,33.625,-7.4375,2026-09-15,29.2,21.7,0.0
Aïn Harrouda,33.625,-7.4375,2026-09-16,26.3,20.7,0.0
Aïn Harrouda,33.625,-7.4375,2026-09-17,26.3,19.7,0.0
Aïn Harrouda,33.625,-7.4375,2026-09-18,26.9,17.6,0.0
Aïn Harrouda,33.625,-7.4375,2026-09-19,27.8,18.4,0.0
Aïn Harrouda,33.625,-7.4375,2026-09-20,30.4,20.4,0.0
Aïn Harrouda,33.625,-7.4375,2026-09-21,30.3,20.6,0.0
Souq Sebt Oulad Nemma,32.3125,-6.6875,2026-09-15,39.6,24.6,0.0
Souq Sebt Oulad Nemma,32.3125,-6.6875,2026-09-16,35.6,20.7,0.0
Souq Sebt Oulad Nemma,32.3125,-6.6875,2026-09-17,32.2,17.7,0.0
Souq Sebt Oulad Nemma,32.3125,-6.6875,2026-09-18,33.8,18.3,0.0
Souq Sebt Oulad Nemma,32.3125,-6.6875,2026-09-19,38.2,20.2,0.0
Souq Sebt Oulad Nemma,32.3125,-6.6875,2026-09-20,40.2,24.2,0.3
Souq Sebt Oulad Nemma,32.3125,-6.6875,2026-09-21,38.6,23.8,0.6
Mehdya,34.25,-6.625,2026-09-15,27.7,21.0,0.0
Mehdya,34.25,-6.625,2026-09-16,26.4,21.0,0.0
Mehdya,34.25,-6.625,2026-09-17,26.3,19.1,0.0
Mehdya,34.25,-6.625,2026-09-18,26.9,17.6,0.0
Mehdya,34.25,-6.625,2026-09-19,32.0,17.7,0.0
Mehdya,34.25,-6.625,2026-09-20,36.7,22.5,0.0
Mehdya,34.25,-6.625,2026-09-21,33.1,21.8,0.0
Ouezzane,34.8125,-5.625,2026-09-15,35.1,19.8,0.0
Ouezzane,34.8125,-5.625,2026-09-16,30.3,17.3,0.0
Ouezzane,34.8125,-5.625,2026-09-17,29.8,16.6,0.0
Ouezzane,34.8125,-5.625,2026-09-18,31.6,15.6,0.0
Ouezzane,34.8125,-5.625,2026-09-19,36.1,17.5,0.0
Ouezzane,34.8125,-5.625,2026-09-20,36.7,20.8,0.0
Ouezzane,34.8125,-5.625,2026-09-21,35.8,21.4,0.0
Semara,26.74868,-11.648254,2026-09-15,41.0,27.0,0.0
Semara,26.74868,-11.648254,2026-09-16,39.5,24.7,0.0
Semara,26.74868,-11.648254,2026-09-17,31.6,20.3,0.0
Semara,26.74868,-11.648254,2026-09-18,30.0,18.3,0.0
Semara,26.74868,-11.648254,2026-09-19,31.7,18.0,0.0
Semara,26.74868,-11.648254,2026-09-20,38.1,18.0,0.0
Semara,26.74868,-11.648254,2026-09-21,41.3,24.7,0.0
Ait Ourir,31.5625,-7.6875,2026-09-15,36.1,24.7,0.0
Ait Ourir,31.5625,-7.6875,2026-09-16,32.9,20.0,0.0
Ait Ourir,31.5625,-7.6875,2026-09-17,28.9,17.7,0.0
Ait Ourir,31.5625,-7.6875,2026-09-18,30.3,17.5,0.0
Ait Ourir,31.5625,-7.6875,2026-09-19,34.8,19.2,0.0
Ait Ourir,31.5625,-7.6875,2026-09-20,37.0,22.7,0.3
Ait Ourir,31.5625,-7.6875,2026-09-21,33.9,21.8,1.8
Oulad Tayeb,33.9375,-5.0,2026-09-15,34.3,23.6,0.0
Oulad Tayeb,33.9375,-5.0,2026-09-16,31.1,20.8,0.0
Oulad Tayeb,33.9375,-5.0,2026-09-17,29.2,18.4,0.0
Oulad Tayeb,33.9375,-5.0,2026-09-18,30.7,18.4,0.0
Oulad Tayeb,33.9375,-5.0,2026-09-19,33.4,19.7,0.0
Oulad Tayeb,33.9375,-5.0,2026-09-20,33.2,21.0,0.0
Oulad Tayeb,33.9375,-5.0,2026-09-21,33.1,20.8,0.0
Tit Mellil,33.5625,-7.5,2026-09-15,29.9,21.5,0.0
Tit Mellil,33.5625,-7.5,2026-09-16,26.3,20.3,0.0
Tit Mellil,33.5625,-7.5,2026-09-17,26.1,19.0,0.0
Tit Mellil,33.5625,-7.5,2026-09-18,27.0,17.5,0.0
Tit Mellil,33.5625,-7.5,2026-09-19,28.1,18.7,0.0
Tit Mellil,33.5625,-7.5,2026-09-20,31.1,20.8,0.0
Tit Mellil,33.5625,-7.5,2026-09-21,29.7,20.9,0.0
Sidi Bennour,32.625,-8.4375,2026-09-15,37.3,21.1,0.0
Sidi Bennour,32.625,-8.4375,2026-09-16,30.3,18.4,0.0
Sidi Bennour,32.625,-8.4375,2026-09-17,28.6,17.5,0.0
Sidi Bennour,32.625,-8.4375,2026-09-18,30.6,17.5,0.0
Sidi Bennour,32.625,-8.4375,2026-09-19,34.0,16.5,0.0
Sidi Bennour,32.625,-8.4375,2026-09-20,38.7,20.3,0.0
Sidi Bennour,32.625,-8.4375,2026-09-21,32.7,19.6,0.0
Temsia,30.375,-9.4375,2026-09-15,37.1,25.5,0.0
Temsia,30.375,-9.4375,2026-09-16,31.5,22.3,0.0
Temsia,30.375,-9.4375,2026-09-17,28.2,21.1,0.0
Temsia,30.375,-9.4375,2026-09-18,28.2,20.2,0.0
Temsia,30.375,-9.4375,2026-09-19,28.4,20.5,0.0
Temsia,30.375,-9.4375,2026-09-20,28.6,20.9,0.0
Temsia,30.375,-9.4375,2026-09-21,33.2,20.2,0.0
Biougra,30.1875,-9.375,2026-09-15,38.2,26.8,0.0
Biougra,30.1875,-9.375,2026-09-16,33.5,23.4,0.0
Biougra,30.1875,-9.375,2026-09-17,27.9,21.1,0.0
Biougra,30.1875,-9.375,2026-09-18,28.3,20.2,0.0
Biougra,30.1875,-9.375,2026-09-19,28.6,20.4,0.0
Biougra,30.1875,-9.375,2026-09-20,27.3,20.5,0.0
Biougra,30.1875,-9.375,2026-09-21,30.7,19.9,0.0
Al Hoceïma,35.1875,-3.875,2026-09-15,26.4,20.2,0.0
Al Hoceïma,35.1875,-3.875,2026-09-16,28.4,19.7,0.0
Al Hoceïma,35.1875,-3.875,2026-09-17,25.8,20.0,0.0
Al Hoceïma,35.1875,-3.875,2026-09-18,26.0,18.9,0.0
Al Hoceïma,35.1875,-3.875,2026-09-19,27.7,18.9,0.0
Al Hoceïma,35.1875,-3.875,2026-09-20,27.3,22.0,0.0
Al Hoceïma,35.1875,-3.875,2026-09-21,26.1,21.8,0.0
Qasbat Tadla,32.625,-6.25,2026-09-15,38.6,22.9,0.0
Qasbat Tadla,32.625,-6.25,2026-09-16,34.5,18.7,0.0
Qasbat Tadla,32.625,-6.25,2026-09-17,32.3,17.5,0.0
Qasbat Tadla,32.625,-6.25,2026-09-18,33.4,17.2,0.0
Qasbat Tadla,32.625,-6.25,2026-09-19,37.3,20.6,0.0
Qasbat Tadla,32.625,-6.25,2026-09-20,39.4,24.8,0.0
Qasbat Tadla,32.625,-6.25,2026-09-21,37.5,19.9,0.6
Aziylal,31.9375,-6.5625,2026-09-15,30.4,19.3,0.1
Aziylal,31.9375,-6.5625,2026-09-16,26.7,16.1,0.0
Aziylal,31.9375,-6.5625,2026-09-17,25.3,14.8,0.0
Aziylal,31.9375,-6.5625,2026-09-18,25.9,15.0,0.0
Aziylal,31.9375,-6.5625,2026-09-19,28.9,17.6,0.0
Aziylal,31.9375,-6.5625,2026-09-20,30.8,20.3,0.0
Aziylal,31.9375,-6.5625,2026-09-21,29.2,19.0,1.8
Boujad,32.75,-6.375,2026-09-15,36.8,23.7,0.0
Boujad,32.75,-6.375,2026-09-16,32.7,18.5,0.0
Boujad,32.75,-6.375,2026-09-17,30.9,16.9,0.0
Boujad,32.75,-6.375,2026-09-18,31.7,16.9,0.0
Boujad,32.75,-6.375,2026-09-19,35.4,20.1,0.0
Boujad,32.75,-6.375,2026-09-20,36.9,24.7,0.0
Boujad,32.75,-6.375,2026-09-21,35.4,22.8,0.6
Al Aaroui,35.0,-3.0,2026-09-15,29.1,18.2,0.0
Al Aaroui,35.0,-3.0,2026-09-16,32.8,17.6,0.0
Al Aaroui,35.0,-3.0,2026-09-17,26.7,17.3,0.0
Al Aaroui,35.0,-3.0,2026-09-18,26.2,20.6,0.0
Al Aaroui,35.0,-3.0,2026-09-19,26.1,20.5,0.0
Al Aaroui,35.0,-3.0,2026-09-20,26.9,20.6,0.0
Al Aaroui,35.0,-3.0,2026-09-21,26.6,20.7,0.0
Mrirt,33.1875,-5.5625,2026-09-15,33.7,19.7,0.0
Mrirt,33.1875,-5.5625,2026-09-16,30.1,14.8,0.0
Mrirt,33.1875,-5.5625,2026-09-17,30.3,15.2,0.0
Mrirt,33.1875,-5.5625,2026-09-18,28.8,14.0,0.0
Mrirt,33.1875,-5.5625,2026-09-19,32.1,15.3,0.0
Mrirt,33.1875,-5.5625,2026-09-20,33.3,19.1,0.0
Mrirt,33.1875,-5.5625,2026-09-21,32.8,18.0,0.0
Tineghir,31.5,-5.5625,2026-09-15,32.2,21.5,0.0
Tineghir,31.5,-5.5625,2026-09-16,31.7,19.1,0.0
Tineghir,31.5,-5.5625,2026-09-17,29.4,19.1,0.7
Tineghir,31.5,-5.5625,2026-09-18,30.7,18.5,0.0
Tineghir,31.5,-5.5625,2026-09-19,29.8,20.8,0.0
Tineghir,31.5,-5.5625,2026-09-20,31.6,20.4,0.6
Tineghir,31.5,-5.5625,2026-09-21,29.1,20.4,0.6
Bouknadel,34.1875,-6.6875,2026-09-15,26.4,21.0,0.0
Bouknadel,34.1875,-6.6875,2026-09-16,25.4,20.9,0.0
Bouknadel,34.1875,-6.6875,2026-09-17,25.2,19.2,0.0
Bouknadel,34.1875,-6.6875,2026-09-18,25.5,17.6,0.0
Bouknadel,34.1875,-6.6875,2026-09-19,29.8,17.8,0.0
Bouknadel,34.1875,-6.6875,2026-09-20,36.6,22.3,0.0
Bouknadel,34.1875,-6.6875,2026-09-21,33.0,21.8,0.0
Cabo Bojador,26.115992,-14.490692,2026-09-15,32.5,24.0,0.0
Cabo Bojador,26.115992,-14.490692,2026-09-16,28.9,21.9,0.0
Cabo Bojador,26.115992,-14.490692,2026-09-17,25.4,20.7,0.0
Cabo Bojador,26.115992,-14.490692,2026-09-18,24.8,20.1,0.0
Cabo Bojador,26.115992,-14.490692,2026-09-19,25.2,19.1,0.0
Cabo Bojador,26.115992,-14.490692,2026-09-20,26.3,19.1,0.0
Cabo Bojador,26.115992,-14.490692,2026-09-21,26.9,20.6,0.0
Zagora,30.3125,-5.8125,2026-09-15,36.9,26.2,0.0
Zagora,30.3125,-5.8125,2026-09-16,37.5,23.2,0.0
Zagora,30.3125,-5.8125,2026-09-17,34.0,26.3,0.4
Zagora,30.3125,-5.8125,2026-09-18,35.1,22.9,0.0
Zagora,30.3125,-5.8125,2026-09-19,35.5,25.1,0.0
Zagora,30.3125,-5.8125,2026-09-20,36.3,26.2,0.0
Zagora,30.3125,-5.8125,2026-09-21,35.6,25.7,0.3
Azemmour,33.3125,-8.3125,2026-09-15,28.8,21.1,0.0
Azemmour,33.3125,-8.3125,2026-09-16,26.2,20.3,0.0
Azemmour,33.3125,-8.3125,2026-09-17,26.5,19.0,0.0
Azemmour,33.3125,-8.3125,2026-09-18,26.4,19.6,0.0
Azemmour,33.3125,-8.3125,2026-09-19,27.4,19.7,0.0
Azemmour,33.3125,-8.3125,2026-09-20,28.7,20.8,0.0
Azemmour,33.3125,-8.3125,2026-09-21,27.5,20.3,0.0
El Hajeb,33.6875,-5.375,2026-09-15,32.1,21.2,0.0
El Hajeb,33.6875,-5.375,2026-09-16,28.4,17.4,0.0
El Hajeb,33.6875,-5.375,2026-09-17,25.9,16.0,0.0
El Hajeb,33.6875,-5.375,2026-09-18,27.3,15.6,0.0
El Hajeb,33.6875,-5.375,2026-09-19,30.3,17.5,0.0
El Hajeb,33.6875,-5.375,2026-09-20,32.1,21.7,0.0
El Hajeb,33.6875,-5.375,2026-09-21,31.2,19.0,0.0
Jerada,34.3125,-2.1875,2026-09-15,30.8,19.2,0.0
Jerada,34.3125,-2.1875,2026-09-16,29.3,18.3,0.0
Jerada,34.3125,-2.1875,2026-09-17,28.8,17.2,0.1
Jerada,34.3125,-2.1875,2026-09-18,25.8,17.0,0.0
Jerada,34.3125,-2.1875,2026-09-19,26.9,15.7,0.0
Jerada,34.3125,-2.1875,2026-09-20,27.5,17.9,0.3
Jerada,34.3125,-2.1875,2026-09-21,25.4,17.6,0.6
El Aïoun,34.5625,-2.5,2026-09-15,32.2,16.8,0.0
El Aïoun,34.5625,-2.5,2026-09-16,32.2,15.5,0.0
El Aïoun,34.5625,-2.5,2026-09-17,29.6,16.2,0.1
El Aïoun,34.5625,-2.5,2026-09-18,28.1,18.2,0.0
El Aïoun,34.5625,-2.5,2026-09-19,29.3,17.2,0.0
El Aïoun,34.5625,-2.5,2026-09-20,28.9,17.9,0.0
El Aïoun,34.5625,-2.5,2026-09-21,29.5,18.5,0.0
Tameslouht,31.5,-8.125,2026-09-15,37.5,25.5,0.0
Tameslouht,31.5,-8.125,2026-09-16,34.3,21.6,0.0
Tameslouht,31.5,-8.125,2026-09-17,29.6,18.2,0.0
Tameslouht,31.5,-8.125,2026-09-18,31.1,18.7,0.0
Tameslouht,31.5,-8.125,2026-09-19,35.6,20.7,0.0
Tameslouht,31.5,-8.125,2026-09-20,38.2,23.5,0.0
Tameslouht,31.5,-8.125,2026-09-21,33.5,23.9,0.3
Sidi Yahia El Gharb,34.3125,-6.3125,2026-09-15,31.8,20.8,0.0
Sidi Yahia El Gharb,34.3125,-6.3125,2026-09-16,28.4,20.3,0.0
Sidi Yahia El Gharb,34.3125,-6.3125,2026-09-17,28.0,18.3,0.0
Sidi Yahia El Gharb,34.3125,-6.3125,2026-09-18,29.5,15.8,0.0
Sidi Yahia El Gharb,34.3125,-6.3125,2026-09-19,36.3,16.9,0.0
Sidi Yahia El Gharb,34.3125,-6.3125,2026-09-20,38.1,22.8,0.0
Sidi Yahia El Gharb,34.3125,-6.3125,2026-09-21,37.1,23.2,0.0
Chichaoua,31.5625,-8.75,2026-09-15,38.7,25.2,0.0
Chichaoua,31.5625,-8.75,2026-09-16,34.9,21.2,0.0
Chichaoua,31.5625,-8.75,2026-09-17,30.0,18.2,0.0
Chichaoua,31.5625,-8.75,2026-09-18,31.6,18.4,0.0
Chichaoua,31.5625,-8.75,2026-09-19,35.2,19.4,0.0
Chichaoua,31.5625,-8.75,2026-09-20,36.3,23.6,0.0
Chichaoua,31.5625,-8.75,2026-09-21,34.5,23.4,0.0
Al ’Attawia,31.8125,-7.3125,2026-09-15,36.5,24.7,0.0
Al ’Attawia,31.8125,-7.3125,2026-09-16,33.0,19.0,0.0
Al ’Attawia,31.8125,-7.3125,2026-09-17,29.1,17.2,0.0
Al ’Attawia,31.8125,-7.3125,2026-09-18,30.2,17.6,0.0
Al ’Attawia,31.8125,-7.3125,2026-09-19,34.8,19.4,0.0
Al ’Attawia,31.8125,-7.3125,2026-09-20,37.0,22.3,0.3
Al ’Attawia,31.8125,-7.3125,2026-09-21,35.0,20.2,0.9
Tabount,30.875,-6.9375,2026-09-15,31.9,22.5,0.0
Tabount,30.875,-6.9375,2026-09-16,33.5,19.5,0.0
Tabount,30.875,-6.9375,2026-09-17,32.5,20.2,0.8
Tabount,30.875,-6.9375,2026-09-18,31.9,19.0,0.0
Tabount,30.875,-6.9375,2026-09-19,32.7,20.9,0.0
Tabount,30.875,-6.9375,2026-09-20,33.7,22.8,0.0
Tabount,30.875,-6.9375,2026-09-21,31.3,20.4,0.6
Zaïo,34.9375,-2.75,2026-09-15,30.3,18.6,0.0
Zaïo,34.9375,-2.75,2026-09-16,33.3,19.6,0.0
Zaïo,34.9375,-2.75,2026-09-17,27.1,19.6,0.0
Zaïo,34.9375,-2.75,2026-09-18,27.4,20.2,0.0
Zaïo,34.9375,-2.75,2026-09-19,27.6,19.7,0.0
Zaïo,34.9375,-2.75,2026-09-20,26.9,20.1,0.0
Zaïo,34.9375,-2.75,2026-09-21,27.1,20.9,0.0
Aguelmous,33.125,-5.8125,2026-09-15,32.7,19.1,0.0
Aguelmous,33.125,-5.8125,2026-09-16,29.3,16.2,0.0
Aguelmous,33.125,-5.8125,2026-09-17,29.0,15.9,0.0
Aguelmous,33.125,-5.8125,2026-09-18,29.1,14.9,0.0
Aguelmous,33.125,-5.8125,2026-09-19,31.8,17.2,0.0
Aguelmous,33.125,-5.8125,2026-09-20,32.4,19.6,0.0
Aguelmous,33.125,-5.8125,2026-09-21,32.4,20.1,0.0
Asilah,35.5,-6.0,2026-09-15,32.1,21.0,0.0
Asilah,35.5,-6.0,2026-09-16,25.0,19.5,0.0
Asilah,35.5,-6.0,2026-09-17,24.4,18.8,0.0
Asilah,35.5,-6.0,2026-09-18,26.6,16.9,0.0
Asilah,35.5,-6.0,2026-09-19,29.4,22.1,0.0
Asilah,35.5,-6.0,2026-09-20,33.7,23.4,0.0
Asilah,35.5,-6.0,2026-09-21,33.8,24.4,0.0
Imzouren,35.125,-3.875,2026-09-15,27.1,19.8,0.0
Imzouren,35.125,-3.875,2026-09-16,29.5,20.8,0.0
Imzouren,35.125,-3.875,2026-09-17,26.0,19.3,0.0
Imzouren,35.125,-3.875,2026-09-18,26.3,18.6,0.0
Imzouren,35.125,-3.875,2026-09-19,29.3,18.7,0.0
Imzouren,35.125,-3.875,2026-09-20,28.9,21.0,0.0
Imzouren,35.125,-3.875,2026-09-21,28.1,21.9,0.0
Mediouna,33.4375,-7.5,2026-09-15,33.5,20.8,0.0
Mediouna,33.4375,-7.5,2026-09-16,28.1,19.4,0.0
Mediouna,33.4375,-7.5,2026-09-17,27.6,18.7,0.0
Mediouna,33.4375,-7.5,2026-09-18,28.9,16.6,0.0
Mediouna,33.4375,-7.5,2026-09-19,31.3,17.4,0.0
Mediouna,33.4375,-7.5,2026-09-20,30.7,20.8,0.0
Mediouna,33.4375,-7.5,2026-09-21,29.3,20.5,0.0
Demnat,31.75,-7.0625,2026-09-15,33.5,21.6,0.0
Demnat,31.75,-7.0625,2026-09-16,30.0,17.6,0.0
Demnat,31.75,-7.0625,2026-09-17,26.4,15.6,0.0
Demnat,31.75,-7.0625,2026-09-18,27.6,15.4,0.0
Demnat,31.75,-7.0625,2026-09-19,32.1,18.5,0.0
Demnat,31.75,-7.0625,2026-09-20,34.1,22.1,0.3
Demnat,31.75,-7.0625,2026-09-21,32.4,19.9,0.6
Aïn Taoujdat,33.9375,-5.1875,2026-09-15,34.0,22.3,0.0
Aïn Taoujdat,33.9375,-5.1875,2026-09-16,31.3,19.9,0.0
Aïn Taoujdat,33.9375,-5.1875,2026-09-17,28.3,18.2,0.0
Aïn Taoujdat,33.9375,-5.1875,2026-09-18,30.2,17.0,0.0
Aïn Taoujdat,33.9375,-5.1875,2026-09-19,33.3,18.9,0.0
Aïn Taoujdat,33.9375,-5.1875,2026-09-20,34.8,20.5,0.0
Aïn Taoujdat,33.9375,-5.1875,2026-09-21,34.2,19.8,0.0
Sidi Smai’il,32.8125,-8.5,2026-09-15,35.5,21.5,0.0
Sidi Smai’il,32.8125,-8.5,2026-09-16,28.7,19.4,0.0
Sidi Smai’il,32.8125,-8.5,2026-09-17,27.8,18.4,0.0
Sidi Smai’il,32.8125,-8.5,2026-09-18,29.5,18.4,0.0
Sidi Smai’il,32.8125,-8.5,2026-09-19,32.2,17.6,0.0
Sidi Smai’il,32.8125,-8.5,2026-09-20,35.2,21.0,0.0
Sidi Smai’il,32.8125,-8.5,2026-09-21,30.1,19.5,0.0
Moulay Bousselham,34.875,-6.25,2026-09-15,27.6,19.4,0.0
Moulay Bousselham,34.875,-6.25,2026-09-16,25.5,19.2,0.0
Moulay Bousselham,34.875,-6.25,2026-09-17,25.1,18.7,0.0
Moulay Bousselham,34.875,-6.25,2026-09-18,25.8,17.7,0.0
Moulay Bousselham,34.875,-6.25,2026-09-19,30.7,18.2,0.0
Moulay Bousselham,34.875,-6.25,2026-09-20,37.3,19.8,0.0
Moulay Bousselham,34.875,-6.25,2026-09-21,34.0,19.5,0.0
Mechraa Bel Ksiri,34.5625,-5.9375,2026-09-15,34.6,20.8,0.0
Mechraa Bel Ksiri,34.5625,-5.9375,2026-09-16,29.9,19.6,0.0
Mechraa Bel Ksiri,34.5625,-5.9375,2026-09-17,29.7,18.8,0.0
Mechraa Bel Ksiri,34.5625,-5.9375,2026-09-18,31.9,16.0,0.0
Mechraa Bel Ksiri,34.5625,-5.9375,2026-09-19,36.6,18.3,0.0
Mechraa Bel Ksiri,34.5625,-5.9375,2026-09-20,38.3,24.1,0.0
Mechraa Bel Ksiri,34.5625,-5.9375,2026-09-21,37.0,23.9,0.0
Souk et Tnine Jorf el Mellah,34.5,-5.5,2026-09-15,35.7,22.4,0.0
Souk et Tnine Jorf el Mellah,34.5,-5.5,2026-09-16,31.4,19.5,0.0
Souk et Tnine Jorf el Mellah,34.5,-5.5,2026-09-17,30.7,19.4,0.0
Souk et Tnine Jorf el Mellah,34.5,-5.5,2026-09-18,32.3,16.9,0.0
Souk et Tnine Jorf el Mellah,34.5,-5.5,2026-09-19,36.4,20.3,0.0
Souk et Tnine Jorf el Mellah,34.5,-5.5,2026-09-20,37.6,24.4,0.0
Souk et Tnine Jorf el Mellah,34.5,-5.5,2026-09-21,36.5,24.0,0.0
Zeghanghane,35.125,-3.0,2026-09-15,28.4,19.4,0.0
Zeghanghane,35.125,-3.0,2026-09-16,31.9,18.8,0.0
Zeghanghane,35.125,-3.0,2026-09-17,26.9,18.8,0.0
Zeghanghane,35.125,-3.0,2026-09-18,26.0,21.1,0.3
Zeghanghane,35.125,-3.0,2026-09-19,25.8,21.5,0.0
Zeghanghane,35.125,-3.0,2026-09-20,26.1,22.0,0.0
Zeghanghane,35.125,-3.0,2026-09-21,26.0,22.2,0.0
Oulad Barhil,30.625,-8.5,2026-09-15,38.7,25.4,0.0
Oulad Barhil,30.625,-8.5,2026-09-16,36.4,22.3,0.0
Oulad Barhil,30.625,-8.5,2026-09-17,29.7,18.1,0.0
Oulad Barhil,30.625,-8.5,2026-09-18,31.2,17.8,0.0
Oulad Barhil,30.625,-8.5,2026-09-19,37.6,20.7,0.0
Oulad Barhil,30.625,-8.5,2026-09-20,38.7,23.4,0.0
Oulad Barhil,30.625,-8.5,2026-09-21,36.3,21.3,0.0
Bir Jdid,33.375,-8.0,2026-09-15,29.6,20.8,0.0
Bir Jdid,33.375,-8.0,2026-09-16,26.1,20.0,0.0
Bir Jdid,33.375,-8.0,2026-09-17,26.4,18.5,0.0
Bir Jdid,33.375,-8.0,2026-09-18,26.7,19.4,0.0
Bir Jdid,33.375,-8.0,2026-09-19,28.2,18.9,0.0
Bir Jdid,33.375,-8.0,2026-09-20,31.3,20.8,0.0
Bir Jdid,33.375,-8.0,2026-09-21,29.5,20.0,0.0
Bou Arfa,32.5,-1.9375,2026-09-15,32.0,20.1,0.4
Bou Arfa,32.5,-1.9375,2026-09-16,29.5,19.1,0.0
Bou Arfa,32.5,-1.9375,2026-09-17,29.4,17.6,0.3
Bou Arfa,32.5,-1.9375,2026-09-18,29.2,18.4,0.1
Bou Arfa,32.5,-1.9375,2026-09-19,28.4,18.9,0.0
Bou Arfa,32.5,-1.9375,2026-09-20,30.8,19.5,2.4
Bou Arfa,32.5,-1.9375,2026-09-21,22.2,18.5,10.4
Tahannawt,31.375,-7.9375,2026-09-15,33.2,22.5,0.0
Tahannawt,31.375,-7.9375,2026-09-16,30.7,18.6,0.0
Tahannawt,31.375,-7.9375,2026-09-17,26.5,15.7,0.0
Tahannawt,31.375,-7.9375,2026-09-18,28.0,15.4,0.0
Tahannawt,31.375,-7.9375,2026-09-19,32.2,18.2,0.0
Tahannawt,31.375,-7.9375,2026-09-20,35.1,21.7,0.0
Tahannawt,31.375,-7.9375,2026-09-21,31.4,20.3,0.3
Arfoud,31.4375,-4.25,2026-09-15,36.9,25.0,2.5
Arfoud,31.4375,-4.25,2026-09-16,34.4,22.6,0.0
Arfoud,31.4375,-4.25,2026-09-17,32.7,23.4,0.3
Arfoud,31.4375,-4.25,2026-09-18,33.6,20.6,0.0
Arfoud,31.4375,-4.25,2026-09-19,33.6,23.0,0.0
Arfoud,31.4375,-4.25,2026-09-20,35.4,24.0,0.0
Arfoud,31.4375,-4.25,2026-09-21,32.1,23.3,0.9
Tahla,34.0625,-4.4375,2026-09-15,34.4,21.0,0.0
Tahla,34.0625,-4.4375,2026-09-16,31.0,20.1,0.0
Tahla,34.0625,-4.4375,2026-09-17,29.3,17.4,0.0
Tahla,34.0625,-4.4375,2026-09-18,30.8,17.1,0.0
Tahla,34.0625,-4.4375,2026-09-19,32.1,19.7,0.0
Tahla,34.0625,-4.4375,2026-09-20,33.2,22.0,0.0
Tahla,34.0625,-4.4375,2026-09-21,32.4,22.2,0.0
Missour,33.0625,-4.0,2026-09-15,35.4,20.6,0.0
Missour,33.0625,-4.0,2026-09-16,32.5,19.1,0.0
Missour,33.0625,-4.0,2026-09-17,30.6,17.5,0.5
Missour,33.0625,-4.0,2026-09-18,29.5,16.5,0.0
Missour,33.0625,-4.0,2026-09-19,29.8,17.6,0.9
Missour,33.0625,-4.0,2026-09-20,30.8,18.3,0.0
Missour,33.0625,-4.0,2026-09-21,30.0,18.5,1.2
Sidi Lmokhtar,31.5625,-9.0,2026-09-15,38.6,24.8,0.0
Sidi Lmokhtar,31.5625,-9.0,2026-09-16,34.4,20.8,0.0
Sidi Lmokhtar,31.5625,-9.0,2026-09-17,29.6,17.7,0.0
Sidi Lmokhtar,31.5625,-9.0,2026-09-18,31.1,17.8,0.0
Sidi Lmokhtar,31.5625,-9.0,2026-09-19,34.9,19.0,0.0
Sidi Lmokhtar,31.5625,-9.0,2026-09-20,34.8,23.3,0.0
Sidi Lmokhtar,31.5625,-9.0,2026-09-21,32.8,20.9,0.0
Douar Toulal,33.875,-5.625,2026-09-15,33.7,21.8,0.0
Douar Toulal,33.875,-5.625,2026-09-16,30.4,18.9,0.0
Douar Toulal,33.875,-5.625,2026-09-17,28.2,17.6,0.0
Douar Toulal,33.875,-5.625,2026-09-18,30.0,16.3,0.0
Douar Toulal,33.875,-5.625,2026-09-19,34.1,18.5,0.0
Douar Toulal,33.875,-5.625,2026-09-20,35.4,22.2,0.0
Douar Toulal,33.875,-5.625,2026-09-21,34.8,20.7,0.0
Oulad Yaïch,32.4375,-6.3125,2026-09-15,38.7,25.5,0.0
Oulad Yaïch,32.4375,-6.3125,2026-09-16,34.9,21.7,0.0
Oulad Yaïch,32.4375,-6.3125,2026-09-17,31.9,17.7,0.0
Oulad Yaïch,32.4375,-6.3125,2026-09-18,33.3,18.8,0.0
Oulad Yaïch,32.4375,-6.3125,2026-09-19,37.4,20.5,0.0
Oulad Yaïch,32.4375,-6.3125,2026-09-20,38.1,26.6,0.3
Oulad Yaïch,32.4375,-6.3125,2026-09-21,36.8,27.8,0.9
Zawyat ech Cheïkh,32.6875,-5.9375,2026-09-15,36.0,20.5,0.0
Zawyat ech Cheïkh,32.6875,-5.9375,2026-09-16,32.0,17.0,0.0
Zawyat ech Cheïkh,32.6875,-5.9375,2026-09-17,30.4,16.6,0.0
Zawyat ech Cheïkh,32.6875,-5.9375,2026-09-18,31.5,15.3,0.0
Zawyat ech Cheïkh,32.6875,-5.9375,2026-09-19,35.1,18.4,0.0
Zawyat ech Cheïkh,32.6875,-5.9375,2026-09-20,37.2,23.2,0.0
Zawyat ech Cheïkh,32.6875,-5.9375,2026-09-21,35.4,21.6,0.6
Imi-n-Tanout,31.1875,-8.875,2026-09-15,33.6,24.7,0.0
Imi-n-Tanout,31.1875,-8.875,2026-09-16,30.4,19.0,0.0
Imi-n-Tanout,31.1875,-8.875,2026-09-17,25.3,16.5,0.0
Imi-n-Tanout,31.1875,-8.875,2026-09-18,27.0,16.2,0.0
Imi-n-Tanout,31.1875,-8.875,2026-09-19,31.0,19.8,0.0
Imi-n-Tanout,31.1875,-8.875,2026-09-20,33.5,24.2,0.0
Imi-n-Tanout,31.1875,-8.875,2026-09-21,31.2,22.7,0.0
Sebt Gzoula,32.125,-9.0625,2026-09-15,38.3,24.6,0.0
Sebt Gzoula,32.125,-9.0625,2026-09-16,31.3,20.5,0.0
Sebt Gzoula,32.125,-9.0625,2026-09-17,28.3,18.2,0.0
Sebt Gzoula,32.125,-9.0625,2026-09-18,31.3,18.2,0.0
Sebt Gzoula,32.125,-9.0625,2026-09-19,33.9,17.9,0.0
Sebt Gzoula,32.125,-9.0625,2026-09-20,30.6,21.1,0.0
Sebt Gzoula,32.125,-9.0625,2026-09-21,27.2,18.7,0.0
Tifariti,26.18629,-10.559204,2026-09-15,38.0,26.0,0.0
Tifariti,26.18629,-10.559204,2026-09-16,38.2,23.4,0.0
Tifariti,26.18629,-10.559204,2026-09-17,31.8,18.2,0.0
Tifariti,26.18629,-10.559204,2026-09-18,29.7,16.1,0.0
Tifariti,26.18629,-10.559204,2026-09-19,30.8,16.1,0.0
Tifariti,26.18629,-10.559204,2026-09-20,37.4,19.0,0.0
Tifariti,26.18629,-10.559204,2026-09-21,38.6,23.2,0.0
